test1,test1Smile;https://cdn.frankerfacez.com/fc71409ec481186c86613f7649b052a3.PNG^test1Lul;https://cdn.frankerfacez.com/fc71409ec481186c86613f7649b052a3.PNG^test1Huh;https://cdn.discordapp.com/emojis/640551569145987073.gif^PADORU123;https://i.imgur.com/npiBgpl.gif^,hiddenmarty
test2,test1Smile;https://cdn.frankerfacez.com/fc71409ec481186c86613f7649b052a3.PNG^test1Lul;https://cdn.frankerfacez.com/fc71409ec481186c86613f7649b052a3.PNG^test1Huh;https://cdn.frankerfacez.com/fc71409ec481186c86613f7649b052a3.PNG^,hiddenmarty2
test3,test1Smile;https://cdn.frankerfacez.com/fc71409ec481186c86613f7649b052a3.PNG^test1Lul;https://cdn.frankerfacez.com/fc71409ec481186c86613f7649b052a3.PNG^test1Huh;https://cdn.frankerfacez.com/fc71409ec481186c86613f7649b052a3.PNG^,hiddenmarty3
test4,test1Smile;https://cdn.frankerfacez.com/fc71409ec481186c86613f7649b052a3.PNG^test1Lul;https://cdn.frankerfacez.com/fc71409ec481186c86613f7649b052a3.PNG^test1Huh;https://cdn.frankerfacez.com/fc71409ec481186c86613f7649b052a3.PNG^,hiddenmarty4
test5,test1Smile;https://cdn.frankerfacez.com/fc71409ec481186c86613f7649b052a3.PNG^test1Lul;https://cdn.frankerfacez.com/fc71409ec481186c86613f7649b052a3.PNG^test1Huh;https://cdn.frankerfacez.com/fc71409ec481186c86613f7649b052a3.PNG^,hiddenmarty5
test6,test1Smile;https://cdn.frankerfacez.com/fc71409ec481186c86613f7649b052a3.PNG^test1Lul;https://cdn.frankerfacez.com/fc71409ec481186c86613f7649b052a3.PNG^test1Huh;https://cdn.frankerfacez.com/fc71409ec481186c86613f7649b052a3.PNG^,hiddenmarty6
test7,test1Smile;https://cdn.frankerfacez.com/fc71409ec481186c86613f7649b052a3.PNG^test1Lul;https://cdn.frankerfacez.com/fc71409ec481186c86613f7649b052a3.PNG^test1Huh;https://cdn.frankerfacez.com/fc71409ec481186c86613f7649b052a3.PNG^,hiddenmarty7
test8,test1Smile;https://cdn.frankerfacez.com/fc71409ec481186c86613f7649b052a3.PNG^test1Lul;https://cdn.frankerfacez.com/fc71409ec481186c86613f7649b052a3.PNG^test1Huh;https://cdn.frankerfacez.com/fc71409ec481186c86613f7649b052a3.PNG^,hiddenmarty8
test9,test1Smile;https://cdn.frankerfacez.com/fc71409ec481186c86613f7649b052a3.PNG^test1Lul;https://cdn.frankerfacez.com/fc71409ec481186c86613f7649b052a3.PNG^test1Huh;https://cdn.frankerfacez.com/fc71409ec481186c86613f7649b052a3.PNG^,hiddenmarty9
test10,test1Smile;https://cdn.frankerfacez.com/fc71409ec481186c86613f7649b052a3.PNG^test1Lul;https://cdn.frankerfacez.com/fc71409ec481186c86613f7649b052a3.PNG^test1Huh;https://cdn.frankerfacez.com/fc71409ec481186c86613f7649b052a3.PNG^,hiddenmarty10
